{
  "dependencies": [
    {
      "version": "1.0.0",
      "assetId": "banking-datatypes",
      "groupId": "dc8761c4-6ba8-4afb-87c4-5f6b0153bbba",
      "provided": false
    },
    {
      "version": "1.1.0",
      "assetId": "authentication-security-best-practices",
      "groupId": "68ef9520-24e9-4cf2-b2f5-620025690913",
      "provided": false,
      "scope": "validation"
    },
    {
      "version": "1.2.0",
      "assetId": "https-enforcement",
      "groupId": "68ef9520-24e9-4cf2-b2f5-620025690913",
      "provided": false,
      "scope": "validation"
    }
  ],
  "version": "2.0.0",
  "originalFormatVersion": "3.0",
  "apiVersion": "v2",
  "descriptorVersion": "1.0.0",
  "classifier": "oas",
  "main": "acme-banking-api.yaml",
  "assetId": "acme-banking-api",
  "groupId": "dc8761c4-6ba8-4afb-87c4-5f6b0153bbba",
  "organizationId": "dc8761c4-6ba8-4afb-87c4-5f6b0153bbba",
  "name": "ACME Banking API",
  "tags": []
}